timecode,sensor_prim,dof_name,position_rad,velocity_rad_s
0,/World/AssetRoot/Asset/JointStateSensor,articulatedRevoluteJoint1,0.3015534579753876,12.435399055480957
1,/World/AssetRoot/Asset/JointStateSensor,articulatedRevoluteJoint1,0.3015534579753876,12.435399055480957
2,/World/AssetRoot/Asset/JointStateSensor,articulatedRevoluteJoint1,0.3015534579753876,12.435399055480957
3,/World/AssetRoot/Asset/JointStateSensor,articulatedRevoluteJoint1,0.3015534579753876,12.435399055480957
4,/World/AssetRoot/Asset/JointStateSensor,articulatedRevoluteJoint1,0.3015534579753876,12.435399055480957
5,/World/AssetRoot/Asset/JointStateSensor,articulatedRevoluteJoint1,0.3015534579753876,12.435399055480957
6,/World/AssetRoot/Asset/JointStateSensor,articulatedRevoluteJoint1,0.3015534579753876,12.435399055480957
7,/World/AssetRoot/Asset/JointStateSensor,articulatedRevoluteJoint1,0.3015534579753876,12.435399055480957
8,/World/AssetRoot/Asset/JointStateSensor,articulatedRevoluteJoint1,0.3015534579753876,12.435399055480957
9,/World/AssetRoot/Asset/JointStateSensor,articulatedRevoluteJoint1,0.3015534579753876,12.435399055480957
10,/World/AssetRoot/Asset/JointStateSensor,articulatedRevoluteJoint1,0.3015534579753876,12.435399055480957
11,/World/AssetRoot/Asset/JointStateSensor,articulatedRevoluteJoint1,0.3015534579753876,12.435399055480957
12,/World/AssetRoot/Asset/JointStateSensor,articulatedRevoluteJoint1,0.3015534579753876,12.435399055480957
13,/World/AssetRoot/Asset/JointStateSensor,articulatedRevoluteJoint1,0.3015534579753876,12.435399055480957
14,/World/AssetRoot/Asset/JointStateSensor,articulatedRevoluteJoint1,0.3015534579753876,12.435399055480957
15,/World/AssetRoot/Asset/JointStateSensor,articulatedRevoluteJoint1,0.3015534579753876,12.435399055480957
16,/World/AssetRoot/Asset/JointStateSensor,articulatedRevoluteJoint1,0.3015534579753876,12.435399055480957
17,/World/AssetRoot/Asset/JointStateSensor,articulatedRevoluteJoint1,0.3015534579753876,12.435399055480957
18,/World/AssetRoot/Asset/JointStateSensor,articulatedRevoluteJoint1,0.3015534579753876,12.435399055480957
19,/World/AssetRoot/Asset/JointStateSensor,articulatedRevoluteJoint1,0.3015534579753876,12.435399055480957
20,/World/AssetRoot/Asset/JointStateSensor,articulatedRevoluteJoint1,0.3015534579753876,12.435399055480957
21,/World/AssetRoot/Asset/JointStateSensor,articulatedRevoluteJoint1,0.3015534579753876,12.435399055480957
22,/World/AssetRoot/Asset/JointStateSensor,articulatedRevoluteJoint1,0.3015534579753876,12.435399055480957
23,/World/AssetRoot/Asset/JointStateSensor,articulatedRevoluteJoint1,0.3015534579753876,12.435399055480957
24,/World/AssetRoot/Asset/JointStateSensor,articulatedRevoluteJoint1,0.3015534579753876,12.435399055480957
25,/World/AssetRoot/Asset/JointStateSensor,articulatedRevoluteJoint1,0.3015534579753876,12.435399055480957
26,/World/AssetRoot/Asset/JointStateSensor,articulatedRevoluteJoint1,0.3015534579753876,12.435399055480957
27,/World/AssetRoot/Asset/JointStateSensor,articulatedRevoluteJoint1,0.3015534579753876,12.435399055480957
28,/World/AssetRoot/Asset/JointStateSensor,articulatedRevoluteJoint1,0.3015534579753876,12.435399055480957
29,/World/AssetRoot/Asset/JointStateSensor,articulatedRevoluteJoint1,0.3015534579753876,12.435399055480957
30,/World/AssetRoot/Asset/JointStateSensor,articulatedRevoluteJoint1,0.3015534579753876,12.435399055480957
31,/World/AssetRoot/Asset/JointStateSensor,articulatedRevoluteJoint1,0.3015534579753876,12.435399055480957
32,/World/AssetRoot/Asset/JointStateSensor,articulatedRevoluteJoint1,0.3015534579753876,12.435399055480957
33,/World/AssetRoot/Asset/JointStateSensor,articulatedRevoluteJoint1,0.3015534579753876,12.435399055480957
34,/World/AssetRoot/Asset/JointStateSensor,articulatedRevoluteJoint1,0.3015534579753876,12.435399055480957
35,/World/AssetRoot/Asset/JointStateSensor,articulatedRevoluteJoint1,0.3015534579753876,12.435399055480957
36,/World/AssetRoot/Asset/JointStateSensor,articulatedRevoluteJoint1,0.3015534579753876,12.435399055480957
37,/World/AssetRoot/Asset/JointStateSensor,articulatedRevoluteJoint1,0.3015534579753876,12.435399055480957
38,/World/AssetRoot/Asset/JointStateSensor,articulatedRevoluteJoint1,0.3015534579753876,12.435399055480957
39,/World/AssetRoot/Asset/JointStateSensor,articulatedRevoluteJoint1,0.3015534579753876,12.435399055480957
40,/World/AssetRoot/Asset/JointStateSensor,articulatedRevoluteJoint1,0.3015534579753876,12.435399055480957
41,/World/AssetRoot/Asset/JointStateSensor,articulatedRevoluteJoint1,0.3015534579753876,12.435399055480957
42,/World/AssetRoot/Asset/JointStateSensor,articulatedRevoluteJoint1,0.3015534579753876,12.435399055480957
43,/World/AssetRoot/Asset/JointStateSensor,articulatedRevoluteJoint1,0.3015534579753876,12.435399055480957
44,/World/AssetRoot/Asset/JointStateSensor,articulatedRevoluteJoint1,0.3015534579753876,12.435399055480957
45,/World/AssetRoot/Asset/JointStateSensor,articulatedRevoluteJoint1,0.3015534579753876,12.435399055480957
46,/World/AssetRoot/Asset/JointStateSensor,articulatedRevoluteJoint1,0.3015534579753876,12.435399055480957
47,/World/AssetRoot/Asset/JointStateSensor,articulatedRevoluteJoint1,0.3015534579753876,12.435399055480957
48,/World/AssetRoot/Asset/JointStateSensor,articulatedRevoluteJoint1,0.3015534579753876,12.435399055480957
49,/World/AssetRoot/Asset/JointStateSensor,articulatedRevoluteJoint1,0.3015534579753876,12.435399055480957
50,/World/AssetRoot/Asset/JointStateSensor,articulatedRevoluteJoint1,0.3015534579753876,12.435399055480957
51,/World/AssetRoot/Asset/JointStateSensor,articulatedRevoluteJoint1,0.3015534579753876,12.435399055480957
52,/World/AssetRoot/Asset/JointStateSensor,articulatedRevoluteJoint1,0.3015534579753876,12.435399055480957
53,/World/AssetRoot/Asset/JointStateSensor,articulatedRevoluteJoint1,0.3015534579753876,12.435399055480957
54,/World/AssetRoot/Asset/JointStateSensor,articulatedRevoluteJoint1,0.3015534579753876,12.435399055480957
55,/World/AssetRoot/Asset/JointStateSensor,articulatedRevoluteJoint1,0.3015534579753876,12.435399055480957
56,/World/AssetRoot/Asset/JointStateSensor,articulatedRevoluteJoint1,0.3015534579753876,12.435399055480957
57,/World/AssetRoot/Asset/JointStateSensor,articulatedRevoluteJoint1,0.3015534579753876,12.435399055480957
58,/World/AssetRoot/Asset/JointStateSensor,articulatedRevoluteJoint1,0.3015534579753876,12.435399055480957
59,/World/AssetRoot/Asset/JointStateSensor,articulatedRevoluteJoint1,0.3015534579753876,12.435399055480957
