timecode,sensor_prim,lin_accel_x,lin_accel_y,lin_accel_z,ang_vel_x,ang_vel_y,ang_vel_z
0,/World/AssetRoot/Asset/Cube/Imu_Sensor,-0.02873038314282894,0.0,9.806608200073242,0.0,0.08712106943130493,0.0
1,/World/AssetRoot/Asset/Cube/Imu_Sensor,-0.02873038314282894,0.0,9.806608200073242,0.0,0.08712106943130493,0.0
2,/World/AssetRoot/Asset/Cube/Imu_Sensor,-0.02873038314282894,0.0,9.806608200073242,0.0,0.08712106943130493,0.0
3,/World/AssetRoot/Asset/Cube/Imu_Sensor,-0.02873038314282894,0.0,9.806608200073242,0.0,0.08712106943130493,0.0
4,/World/AssetRoot/Asset/Cube/Imu_Sensor,-0.02873038314282894,0.0,9.806608200073242,0.0,0.08712106943130493,0.0
5,/World/AssetRoot/Asset/Cube/Imu_Sensor,-0.02873038314282894,0.0,9.806608200073242,0.0,0.08712106943130493,0.0
6,/World/AssetRoot/Asset/Cube/Imu_Sensor,-0.02873038314282894,0.0,9.806608200073242,0.0,0.08712106943130493,0.0
7,/World/AssetRoot/Asset/Cube/Imu_Sensor,-0.02873038314282894,0.0,9.806608200073242,0.0,0.08712106943130493,0.0
8,/World/AssetRoot/Asset/Cube/Imu_Sensor,-0.02873038314282894,0.0,9.806608200073242,0.0,0.08712106943130493,0.0
9,/World/AssetRoot/Asset/Cube/Imu_Sensor,-0.02873038314282894,0.0,9.806608200073242,0.0,0.08712106943130493,0.0
10,/World/AssetRoot/Asset/Cube/Imu_Sensor,-0.02873038314282894,0.0,9.806608200073242,0.0,0.08712106943130493,0.0
11,/World/AssetRoot/Asset/Cube/Imu_Sensor,-0.02873038314282894,0.0,9.806608200073242,0.0,0.08712106943130493,0.0
12,/World/AssetRoot/Asset/Cube/Imu_Sensor,-0.02873038314282894,0.0,9.806608200073242,0.0,0.08712106943130493,0.0
13,/World/AssetRoot/Asset/Cube/Imu_Sensor,-0.02873038314282894,0.0,9.806608200073242,0.0,0.08712106943130493,0.0
14,/World/AssetRoot/Asset/Cube/Imu_Sensor,-0.02873038314282894,0.0,9.806608200073242,0.0,0.08712106943130493,0.0
15,/World/AssetRoot/Asset/Cube/Imu_Sensor,-0.02873038314282894,0.0,9.806608200073242,0.0,0.08712106943130493,0.0
16,/World/AssetRoot/Asset/Cube/Imu_Sensor,-0.02873038314282894,0.0,9.806608200073242,0.0,0.08712106943130493,0.0
17,/World/AssetRoot/Asset/Cube/Imu_Sensor,-0.02873038314282894,0.0,9.806608200073242,0.0,0.08712106943130493,0.0
18,/World/AssetRoot/Asset/Cube/Imu_Sensor,-0.02873038314282894,0.0,9.806608200073242,0.0,0.08712106943130493,0.0
19,/World/AssetRoot/Asset/Cube/Imu_Sensor,-0.02873038314282894,0.0,9.806608200073242,0.0,0.08712106943130493,0.0
20,/World/AssetRoot/Asset/Cube/Imu_Sensor,-0.02873038314282894,0.0,9.806608200073242,0.0,0.08712106943130493,0.0
21,/World/AssetRoot/Asset/Cube/Imu_Sensor,-0.02873038314282894,0.0,9.806608200073242,0.0,0.08712106943130493,0.0
22,/World/AssetRoot/Asset/Cube/Imu_Sensor,-0.02873038314282894,0.0,9.806608200073242,0.0,0.08712106943130493,0.0
23,/World/AssetRoot/Asset/Cube/Imu_Sensor,-0.02873038314282894,0.0,9.806608200073242,0.0,0.08712106943130493,0.0
24,/World/AssetRoot/Asset/Cube/Imu_Sensor,-0.02873038314282894,0.0,9.806608200073242,0.0,0.08712106943130493,0.0
25,/World/AssetRoot/Asset/Cube/Imu_Sensor,-0.02873038314282894,0.0,9.806608200073242,0.0,0.08712106943130493,0.0
26,/World/AssetRoot/Asset/Cube/Imu_Sensor,-0.02873038314282894,0.0,9.806608200073242,0.0,0.08712106943130493,0.0
27,/World/AssetRoot/Asset/Cube/Imu_Sensor,-0.02873038314282894,0.0,9.806608200073242,0.0,0.08712106943130493,0.0
28,/World/AssetRoot/Asset/Cube/Imu_Sensor,-0.02873038314282894,0.0,9.806608200073242,0.0,0.08712106943130493,0.0
29,/World/AssetRoot/Asset/Cube/Imu_Sensor,-0.02873038314282894,0.0,9.806608200073242,0.0,0.08712106943130493,0.0
30,/World/AssetRoot/Asset/Cube/Imu_Sensor,-0.02873038314282894,0.0,9.806608200073242,0.0,0.08712106943130493,0.0
31,/World/AssetRoot/Asset/Cube/Imu_Sensor,-0.02873038314282894,0.0,9.806608200073242,0.0,0.08712106943130493,0.0
32,/World/AssetRoot/Asset/Cube/Imu_Sensor,-0.02873038314282894,0.0,9.806608200073242,0.0,0.08712106943130493,0.0
33,/World/AssetRoot/Asset/Cube/Imu_Sensor,-0.02873038314282894,0.0,9.806608200073242,0.0,0.08712106943130493,0.0
34,/World/AssetRoot/Asset/Cube/Imu_Sensor,-0.02873038314282894,0.0,9.806608200073242,0.0,0.08712106943130493,0.0
35,/World/AssetRoot/Asset/Cube/Imu_Sensor,-0.02873038314282894,0.0,9.806608200073242,0.0,0.08712106943130493,0.0
36,/World/AssetRoot/Asset/Cube/Imu_Sensor,-0.02873038314282894,0.0,9.806608200073242,0.0,0.08712106943130493,0.0
37,/World/AssetRoot/Asset/Cube/Imu_Sensor,-0.02873038314282894,0.0,9.806608200073242,0.0,0.08712106943130493,0.0
38,/World/AssetRoot/Asset/Cube/Imu_Sensor,-0.02873038314282894,0.0,9.806608200073242,0.0,0.08712106943130493,0.0
39,/World/AssetRoot/Asset/Cube/Imu_Sensor,-0.02873038314282894,0.0,9.806608200073242,0.0,0.08712106943130493,0.0
40,/World/AssetRoot/Asset/Cube/Imu_Sensor,-0.02873038314282894,0.0,9.806608200073242,0.0,0.08712106943130493,0.0
41,/World/AssetRoot/Asset/Cube/Imu_Sensor,-0.02873038314282894,0.0,9.806608200073242,0.0,0.08712106943130493,0.0
42,/World/AssetRoot/Asset/Cube/Imu_Sensor,-0.02873038314282894,0.0,9.806608200073242,0.0,0.08712106943130493,0.0
43,/World/AssetRoot/Asset/Cube/Imu_Sensor,-0.02873038314282894,0.0,9.806608200073242,0.0,0.08712106943130493,0.0
44,/World/AssetRoot/Asset/Cube/Imu_Sensor,-0.02873038314282894,0.0,9.806608200073242,0.0,0.08712106943130493,0.0
45,/World/AssetRoot/Asset/Cube/Imu_Sensor,-0.02873038314282894,0.0,9.806608200073242,0.0,0.08712106943130493,0.0
46,/World/AssetRoot/Asset/Cube/Imu_Sensor,-0.02873038314282894,0.0,9.806608200073242,0.0,0.08712106943130493,0.0
47,/World/AssetRoot/Asset/Cube/Imu_Sensor,-0.02873038314282894,0.0,9.806608200073242,0.0,0.08712106943130493,0.0
48,/World/AssetRoot/Asset/Cube/Imu_Sensor,-0.02873038314282894,0.0,9.806608200073242,0.0,0.08712106943130493,0.0
49,/World/AssetRoot/Asset/Cube/Imu_Sensor,-0.02873038314282894,0.0,9.806608200073242,0.0,0.08712106943130493,0.0
50,/World/AssetRoot/Asset/Cube/Imu_Sensor,-0.02873038314282894,0.0,9.806608200073242,0.0,0.08712106943130493,0.0
51,/World/AssetRoot/Asset/Cube/Imu_Sensor,-0.02873038314282894,0.0,9.806608200073242,0.0,0.08712106943130493,0.0
52,/World/AssetRoot/Asset/Cube/Imu_Sensor,-0.02873038314282894,0.0,9.806608200073242,0.0,0.08712106943130493,0.0
53,/World/AssetRoot/Asset/Cube/Imu_Sensor,-0.02873038314282894,0.0,9.806608200073242,0.0,0.08712106943130493,0.0
54,/World/AssetRoot/Asset/Cube/Imu_Sensor,-0.02873038314282894,0.0,9.806608200073242,0.0,0.08712106943130493,0.0
55,/World/AssetRoot/Asset/Cube/Imu_Sensor,-0.02873038314282894,0.0,9.806608200073242,0.0,0.08712106943130493,0.0
56,/World/AssetRoot/Asset/Cube/Imu_Sensor,-0.02873038314282894,0.0,9.806608200073242,0.0,0.08712106943130493,0.0
57,/World/AssetRoot/Asset/Cube/Imu_Sensor,-0.02873038314282894,0.0,9.806608200073242,0.0,0.08712106943130493,0.0
58,/World/AssetRoot/Asset/Cube/Imu_Sensor,-0.02873038314282894,0.0,9.806608200073242,0.0,0.08712106943130493,0.0
59,/World/AssetRoot/Asset/Cube/Imu_Sensor,-0.02873038314282894,0.0,9.806608200073242,0.0,0.08712106943130493,0.0
60,/World/AssetRoot/Asset/Cube/Imu_Sensor,-0.02873038314282894,0.0,9.806608200073242,0.0,0.08712106943130493,0.0
61,/World/AssetRoot/Asset/Cube/Imu_Sensor,-0.02873038314282894,0.0,9.806608200073242,0.0,0.08712106943130493,0.0
62,/World/AssetRoot/Asset/Cube/Imu_Sensor,-0.02873038314282894,0.0,9.806608200073242,0.0,0.08712106943130493,0.0
63,/World/AssetRoot/Asset/Cube/Imu_Sensor,-0.02873038314282894,0.0,9.806608200073242,0.0,0.08712106943130493,0.0
64,/World/AssetRoot/Asset/Cube/Imu_Sensor,-0.02873038314282894,0.0,9.806608200073242,0.0,0.08712106943130493,0.0
65,/World/AssetRoot/Asset/Cube/Imu_Sensor,-0.02873038314282894,0.0,9.806608200073242,0.0,0.08712106943130493,0.0
66,/World/AssetRoot/Asset/Cube/Imu_Sensor,-0.02873038314282894,0.0,9.806608200073242,0.0,0.08712106943130493,0.0
67,/World/AssetRoot/Asset/Cube/Imu_Sensor,-0.02873038314282894,0.0,9.806608200073242,0.0,0.08712106943130493,0.0
68,/World/AssetRoot/Asset/Cube/Imu_Sensor,-0.02873038314282894,0.0,9.806608200073242,0.0,0.08712106943130493,0.0
69,/World/AssetRoot/Asset/Cube/Imu_Sensor,-0.02873038314282894,0.0,9.806608200073242,0.0,0.08712106943130493,0.0
70,/World/AssetRoot/Asset/Cube/Imu_Sensor,-0.02873038314282894,0.0,9.806608200073242,0.0,0.08712106943130493,0.0
71,/World/AssetRoot/Asset/Cube/Imu_Sensor,-0.02873038314282894,0.0,9.806608200073242,0.0,0.08712106943130493,0.0
72,/World/AssetRoot/Asset/Cube/Imu_Sensor,-0.02873038314282894,0.0,9.806608200073242,0.0,0.08712106943130493,0.0
73,/World/AssetRoot/Asset/Cube/Imu_Sensor,-0.02873038314282894,0.0,9.806608200073242,0.0,0.08712106943130493,0.0
74,/World/AssetRoot/Asset/Cube/Imu_Sensor,-0.02873038314282894,0.0,9.806608200073242,0.0,0.08712106943130493,0.0
75,/World/AssetRoot/Asset/Cube/Imu_Sensor,-0.02873038314282894,0.0,9.806608200073242,0.0,0.08712106943130493,0.0
76,/World/AssetRoot/Asset/Cube/Imu_Sensor,-0.02873038314282894,0.0,9.806608200073242,0.0,0.08712106943130493,0.0
77,/World/AssetRoot/Asset/Cube/Imu_Sensor,-0.02873038314282894,0.0,9.806608200073242,0.0,0.08712106943130493,0.0
78,/World/AssetRoot/Asset/Cube/Imu_Sensor,-0.02873038314282894,0.0,9.806608200073242,0.0,0.08712106943130493,0.0
79,/World/AssetRoot/Asset/Cube/Imu_Sensor,-0.02873038314282894,0.0,9.806608200073242,0.0,0.08712106943130493,0.0
